{
  "last_sync": "2026-05-15T11:31:43.048834",
  "files_a": {
    "file1.xlsx": 1778824889.4051905
  },
  "files_b": {
    "file1.xlsx": 1778824889.4051905
  }
}