{
  "last_sync": "2026-05-15T00:12:19.479107",
  "files_a": {
    "chal.txt": 1778784133.115762
  },
  "files_b": {
    "chal.txt": 1778784133.115762
  }
}