{
  "last_sync": "2026-05-15T13:17:50.798687",
  "version": 4,
  "folders": {
    "folder_a": {
      "file1.txt": 1778831135.7536976
    },
    "folder_b": {
      "file1.txt": 1778831135.7536976
    }
  }
}