{
  "last_sync": "2026-05-17T14:01:01.114998",
  "files_a": {
    "New Text Document.txt": 1779006525.849833
  },
  "files_b": {
    "New Text Document.txt": 1779006525.849833
  }
}