{
  "last_sync": "2026-05-17T14:01:01.094794",
  "files_a": {
    "file A.txt": 1779006656.9859354
  },
  "files_b": {
    "file A.txt": 1779006656.9859354
  }
}