{
  "last_sync": "2026-05-17T14:08:21.207082",
  "files_a": {
    "ew.txt": 1779007086.421123
  },
  "files_b": {
    "ew.txt": 1779007086.421123
  }
}