{
  "last_sync": "2026-05-15T13:32:32.251907",
  "version": 4,
  "folders": {
    "source": {
      "New XLSX Worksheet.xlsx": 1778832126.5823002
    },
    "destination": {
      "New XLSX Worksheet.xlsx": 1778832126.5823002
    }
  }
}