{
  "last_sync": "2026-05-15T13:38:16.135079",
  "version": 4,
  "folders": {
    "source": {
      "New Text Document.txt": 1778832477.6274724
    },
    "destination": {
      "New Text Document.txt": 1778832477.6274724
    }
  }
}