{
  "last_sync": "2026-05-19T13:21:35.109450",
  "files_a": {
    "Screenshot (4).png": 1750691893.824978
  },
  "files_b": {
    "Screenshot (4).png": 1750691893.824978
  }
}